company_name,website_url,location
Houston Roofing Online,https://www.houstonroofingonline.com,
Bright Play Turf,,Chicago IL
Spring Hill Landscaping,https://www.springhilllandscaping.com,
Joe's Backyard Landscaping,,Phoenix AZ
Central Texas Barkery,https://www.centraltexasbarkery.com,
Sunrise Plumbing & Drain Services,,Tampa FL
Denver Lock & Safe,https://www.denverlockandsafe.com,
Green Leaf Lawn Care,,Columbus OH
Red Truck Bakery,https://www.redtruckbakery.com,
Blue Ridge HVAC Services,,Roanoke VA
Acme Roofing & Construction,,Dallas TX
Boston Plumbing,https://www.bostonplumbing.com,
Pacific Northwest Tree Care,,Portland OR
Maple Street Auto Repair,,Madison WI
Piedmont Moving,https://www.piedmontmoving.com,